-- phpMyAdmin SQL Dump
-- version 5.2.1
-- https://www.phpmyadmin.net/
--
-- Host: 127.0.0.1
-- Generation Time: Mar 16, 2025 at 07:45 PM
-- Wersja serwera: 10.4.32-MariaDB
-- Wersja PHP: 8.2.12

SET SQL_MODE = "NO_AUTO_VALUE_ON_ZERO";
START TRANSACTION;
SET time_zone = "+00:00";


/*!40101 SET @OLD_CHARACTER_SET_CLIENT=@@CHARACTER_SET_CLIENT */;
/*!40101 SET @OLD_CHARACTER_SET_RESULTS=@@CHARACTER_SET_RESULTS */;
/*!40101 SET @OLD_COLLATION_CONNECTION=@@COLLATION_CONNECTION */;
/*!40101 SET NAMES utf8mb4 */;

--
-- Database: `cinema`
--

-- --------------------------------------------------------

--
-- Struktura tabeli dla tabeli `movies`
--

CREATE TABLE `movies` (
  `movie_id` int(11) NOT NULL,
  `title` varchar(100) NOT NULL
) ENGINE=InnoDB DEFAULT CHARSET=utf8 COLLATE=utf8_general_ci;

--
-- Dumping data for table `movies`
--

INSERT INTO `movies` (`movie_id`, `title`) VALUES
(1, 'Kubuś Puchatek: Nowe przygody'),
(2, 'Jurassic park 2'),
(3, 'Shrek 2'),
(4, 'One Man One Jar'),
(5, 'Asterix i Obelix: Misja Kleopatra');

-- --------------------------------------------------------

--
-- Struktura tabeli dla tabeli `reservations`
--

CREATE TABLE `reservations` (
  `reservation_id` int(11) NOT NULL,
  `user_id` int(11) DEFAULT NULL,
  `seat_id` int(11) DEFAULT NULL,
  `movie_id` int(11) DEFAULT NULL
) ENGINE=InnoDB DEFAULT CHARSET=utf8 COLLATE=utf8_general_ci;

--
-- Dumping data for table `reservations`
--

INSERT INTO `reservations` (`reservation_id`, `user_id`, `seat_id`, `movie_id`) VALUES
(1, 1, 5, NULL),
(2, 1, 6, NULL),
(3, 1, 6, NULL),
(4, 1, 9, NULL),
(5, 1, 10, NULL),
(6, 1, 51, NULL),
(7, 1, 52, NULL),
(8, 1, 52, NULL),
(9, 1, 29, NULL),
(10, 1, 29, NULL),
(11, 1, 12, NULL),
(12, 1, 36, NULL),
(13, 1, 7, NULL),
(14, 1, 38, NULL),
(15, 1, 37, NULL),
(16, 1, 38, NULL),
(17, 1, 38, NULL),
(18, 1, 38, NULL),
(19, 1, 59, NULL),
(20, 1, 79, NULL),
(21, 1, 79, NULL),
(22, 1, 79, NULL),
(23, 1, 79, NULL),
(24, 1, 79, NULL),
(25, 1, 79, NULL),
(26, 1, 79, NULL),
(27, 1, 79, NULL),
(28, 1, 79, NULL),
(29, 1, 79, NULL),
(30, 1, 79, NULL),
(31, 1, 79, NULL),
(32, 1, 79, NULL),
(33, 1, 300, NULL),
(34, 1, 280, NULL),
(35, 1, 100, NULL),
(36, 1, 100, NULL),
(37, 1, 100, NULL),
(38, 1, 100, NULL),
(39, 3, 8, 2),
(40, 3, 47, 3),
(41, 3, 26, 3),
(42, 3, 46, 3),
(43, 3, NULL, 2),
(44, 3, 7, 2),
(45, 3, 27, 2),
(46, 3, 5, 1),
(47, 3, 6, 1),
(48, 3, 7, 1),
(49, 3, 8, 1),
(50, 3, 9, 1),
(51, 3, 9, 2),
(52, 3, 10, 1),
(53, 3, 11, 1),
(54, 3, 130, 1),
(55, 3, 76, 1),
(56, 3, 94, 1),
(57, 3, 136, 3),
(58, 6, 28, 2),
(59, 6, 30, 2),
(60, 6, 31, 2),
(61, 6, 32, 2),
(62, 6, 112, 3),
(63, 6, 93, 3),
(64, 6, 74, 3),
(65, 6, 54, 3),
(66, 6, 34, 3),
(67, 6, 14, 3),
(68, 6, 50, 1),
(69, 6, 71, 1),
(70, 7, 245, 4),
(71, 7, 227, 4),
(72, 7, 228, 4),
(73, 7, 229, 4),
(74, 7, 230, 4),
(75, 7, 273, 4),
(76, 7, 274, 4),
(77, 7, 275, 4),
(78, 7, 200, 4),
(79, 7, 199, 4),
(80, 7, 179, 4),
(81, 7, 54, 5),
(82, 7, 53, 5),
(83, 7, 33, 5),
(84, 8, 20, 2),
(85, 8, 40, 2),
(86, 8, 59, 2),
(87, 8, 135, 2),
(88, 8, 130, 2),
(89, 8, 129, 2),
(90, 8, 109, 2),
(91, 8, 109, 4),
(92, 8, 110, 4),
(93, 8, 72, 4),
(94, 8, 52, 4),
(95, 8, 53, 4),
(96, 8, 33, 4),
(97, 8, 34, 4),
(98, 8, 14, 4),
(99, 8, 15, 4),
(100, 8, 71, 4),
(101, 8, 91, 4),
(102, 8, 90, 4),
(103, 8, 129, 4),
(104, 8, 128, 4),
(105, 8, 148, 4),
(106, 8, 147, 4),
(107, 8, 167, 4),
(108, 8, 166, 4),
(109, 8, 186, 4),
(110, 8, 185, 4),
(111, 8, 205, 4),
(112, 8, 204, 4),
(113, 8, 224, 4),
(114, 8, 223, 4),
(115, 8, 243, 4),
(116, 8, 242, 4),
(117, 8, 262, 4),
(118, 8, 261, 4),
(119, 8, 281, 4),
(120, 8, 35, 4),
(121, 8, 36, 4),
(122, 8, 56, 4),
(123, 8, 57, 4),
(124, 8, 77, 4),
(125, 8, 78, 4),
(126, 8, 99, 4),
(127, 8, 100, 4),
(128, 8, 120, 4),
(129, 8, 52, 5),
(130, 8, 51, 5),
(131, 8, 50, 5),
(132, 8, 70, 5),
(133, 8, 90, 5),
(134, 8, 110, 5),
(135, 8, 130, 5),
(136, 8, 150, 5),
(137, 8, 170, 5),
(138, 8, 190, 5),
(139, 8, 210, 5),
(140, 8, 230, 5),
(141, 8, 250, 5),
(142, 8, 249, 5),
(143, 8, 248, 5),
(144, 8, 247, 5),
(145, 8, 246, 5),
(146, 8, 245, 5),
(147, 8, 244, 5),
(148, 8, 151, 5),
(149, 8, 152, 5),
(150, 8, 153, 5),
(151, 8, 154, 5),
(152, 8, 155, 5),
(153, 8, 224, 5),
(154, 8, 204, 5),
(155, 8, 156, 5),
(156, 8, 176, 5),
(157, 8, 196, 5),
(158, 8, 216, 5),
(159, 8, 236, 5),
(160, 8, 256, 5),
(161, 8, 184, 5),
(162, 8, 164, 5),
(163, 8, 55, 5),
(164, 8, 56, 5),
(165, 8, 76, 5),
(166, 8, 96, 5),
(167, 8, 116, 5),
(168, 8, 136, 5),
(169, 8, 144, 5),
(170, 8, 145, 5),
(171, 8, 146, 5),
(172, 8, 147, 5),
(173, 8, 148, 5),
(174, 8, 149, 5),
(175, 8, 255, 5),
(176, 8, 254, 5),
(177, 8, 253, 5),
(178, 8, 252, 5),
(179, 8, 251, 5),
(180, 8, 47, 1),
(181, 8, 107, 1),
(182, 8, 192, 1);

-- --------------------------------------------------------

--
-- Struktura tabeli dla tabeli `seats`
--

CREATE TABLE `seats` (
  `seat_id` int(11) NOT NULL,
  `row_number` int(11) NOT NULL,
  `seat_number` int(11) NOT NULL,
  `is_reserved` tinyint(1) DEFAULT 0
) ENGINE=InnoDB DEFAULT CHARSET=utf8 COLLATE=utf8_general_ci;

--
-- Dumping data for table `seats`
--

INSERT INTO `seats` (`seat_id`, `row_number`, `seat_number`, `is_reserved`) VALUES
(1, 1, 1, 0),
(2, 2, 1, 0),
(3, 3, 1, 0),
(4, 4, 1, 0),
(5, 5, 1, 1),
(6, 6, 1, 1),
(7, 7, 1, 1),
(8, 8, 1, 0),
(9, 9, 1, 1),
(10, 10, 1, 1),
(11, 11, 1, 0),
(12, 12, 1, 1),
(13, 13, 1, 0),
(14, 14, 1, 0),
(15, 15, 1, 0),
(16, 1, 2, 0),
(17, 2, 2, 0),
(18, 3, 2, 0),
(19, 4, 2, 0),
(20, 5, 2, 0),
(21, 6, 2, 0),
(22, 7, 2, 0),
(23, 8, 2, 0),
(24, 9, 2, 0),
(25, 10, 2, 0),
(26, 11, 2, 0),
(27, 12, 2, 0),
(28, 13, 2, 0),
(29, 14, 2, 1),
(30, 15, 2, 0),
(31, 1, 3, 0),
(32, 2, 3, 0),
(33, 3, 3, 0),
(34, 4, 3, 0),
(35, 5, 3, 0),
(36, 6, 3, 1),
(37, 7, 3, 1),
(38, 8, 3, 1),
(39, 9, 3, 0),
(40, 10, 3, 0),
(41, 11, 3, 0),
(42, 12, 3, 0),
(43, 13, 3, 0),
(44, 14, 3, 0),
(45, 15, 3, 0),
(46, 1, 4, 0),
(47, 2, 4, 0),
(48, 3, 4, 0),
(49, 4, 4, 0),
(50, 5, 4, 0),
(51, 6, 4, 1),
(52, 7, 4, 1),
(53, 8, 4, 0),
(54, 9, 4, 0),
(55, 10, 4, 0),
(56, 11, 4, 0),
(57, 12, 4, 0),
(58, 13, 4, 0),
(59, 14, 4, 1),
(60, 15, 4, 0),
(61, 1, 5, 0),
(62, 2, 5, 0),
(63, 3, 5, 0),
(64, 4, 5, 0),
(65, 5, 5, 0),
(66, 6, 5, 0),
(67, 7, 5, 0),
(68, 8, 5, 0),
(69, 9, 5, 0),
(70, 10, 5, 0),
(71, 11, 5, 0),
(72, 12, 5, 0),
(73, 13, 5, 0),
(74, 14, 5, 0),
(75, 15, 5, 0),
(76, 1, 6, 0),
(77, 2, 6, 0),
(78, 3, 6, 0),
(79, 4, 6, 1),
(80, 5, 6, 0),
(81, 6, 6, 0),
(82, 7, 6, 0),
(83, 8, 6, 0),
(84, 9, 6, 0),
(85, 10, 6, 0),
(86, 11, 6, 0),
(87, 12, 6, 0),
(88, 13, 6, 0),
(89, 14, 6, 0),
(90, 15, 6, 0),
(91, 1, 7, 0),
(92, 2, 7, 0),
(93, 3, 7, 0),
(94, 4, 7, 0),
(95, 5, 7, 0),
(96, 6, 7, 0),
(97, 7, 7, 0),
(98, 8, 7, 0),
(99, 9, 7, 0),
(100, 10, 7, 1),
(101, 11, 7, 0),
(102, 12, 7, 0),
(103, 13, 7, 0),
(104, 14, 7, 0),
(105, 15, 7, 0),
(106, 1, 8, 0),
(107, 2, 8, 0),
(108, 3, 8, 0),
(109, 4, 8, 0),
(110, 5, 8, 0),
(111, 6, 8, 0),
(112, 7, 8, 0),
(113, 8, 8, 0),
(114, 9, 8, 0),
(115, 10, 8, 0),
(116, 11, 8, 0),
(117, 12, 8, 0),
(118, 13, 8, 0),
(119, 14, 8, 0),
(120, 15, 8, 0),
(121, 1, 9, 0),
(122, 2, 9, 0),
(123, 3, 9, 0),
(124, 4, 9, 0),
(125, 5, 9, 0),
(126, 6, 9, 0),
(127, 7, 9, 0),
(128, 8, 9, 0),
(129, 9, 9, 0),
(130, 10, 9, 0),
(131, 11, 9, 0),
(132, 12, 9, 0),
(133, 13, 9, 0),
(134, 14, 9, 0),
(135, 15, 9, 0),
(136, 1, 10, 0),
(137, 2, 10, 0),
(138, 3, 10, 0),
(139, 4, 10, 0),
(140, 5, 10, 0),
(141, 6, 10, 0),
(142, 7, 10, 0),
(143, 8, 10, 0),
(144, 9, 10, 0),
(145, 10, 10, 0),
(146, 11, 10, 0),
(147, 12, 10, 0),
(148, 13, 10, 0),
(149, 14, 10, 0),
(150, 15, 10, 0),
(151, 1, 11, 0),
(152, 2, 11, 0),
(153, 3, 11, 0),
(154, 4, 11, 0),
(155, 5, 11, 0),
(156, 6, 11, 0),
(157, 7, 11, 0),
(158, 8, 11, 0),
(159, 9, 11, 0),
(160, 10, 11, 0),
(161, 11, 11, 0),
(162, 12, 11, 0),
(163, 13, 11, 0),
(164, 14, 11, 0),
(165, 15, 11, 0),
(166, 1, 12, 0),
(167, 2, 12, 0),
(168, 3, 12, 0),
(169, 4, 12, 0),
(170, 5, 12, 0),
(171, 6, 12, 0),
(172, 7, 12, 0),
(173, 8, 12, 0),
(174, 9, 12, 0),
(175, 10, 12, 0),
(176, 11, 12, 0),
(177, 12, 12, 0),
(178, 13, 12, 0),
(179, 14, 12, 0),
(180, 15, 12, 0),
(181, 1, 13, 0),
(182, 2, 13, 0),
(183, 3, 13, 0),
(184, 4, 13, 0),
(185, 5, 13, 0),
(186, 6, 13, 0),
(187, 7, 13, 0),
(188, 8, 13, 0),
(189, 9, 13, 0),
(190, 10, 13, 0),
(191, 11, 13, 0),
(192, 12, 13, 0),
(193, 13, 13, 0),
(194, 14, 13, 0),
(195, 15, 13, 0),
(196, 1, 14, 0),
(197, 2, 14, 0),
(198, 3, 14, 0),
(199, 4, 14, 0),
(200, 5, 14, 0),
(201, 6, 14, 0),
(202, 7, 14, 0),
(203, 8, 14, 0),
(204, 9, 14, 0),
(205, 10, 14, 0),
(206, 11, 14, 0),
(207, 12, 14, 0),
(208, 13, 14, 0),
(209, 14, 14, 0),
(210, 15, 14, 0),
(211, 1, 15, 0),
(212, 2, 15, 0),
(213, 3, 15, 0),
(214, 4, 15, 0),
(215, 5, 15, 0),
(216, 6, 15, 0),
(217, 7, 15, 0),
(218, 8, 15, 0),
(219, 9, 15, 0),
(220, 10, 15, 0),
(221, 11, 15, 0),
(222, 12, 15, 0),
(223, 13, 15, 0),
(224, 14, 15, 0),
(225, 15, 15, 0),
(226, 1, 16, 0),
(227, 2, 16, 0),
(228, 3, 16, 0),
(229, 4, 16, 0),
(230, 5, 16, 0),
(231, 6, 16, 0),
(232, 7, 16, 0),
(233, 8, 16, 0),
(234, 9, 16, 0),
(235, 10, 16, 0),
(236, 11, 16, 0),
(237, 12, 16, 0),
(238, 13, 16, 0),
(239, 14, 16, 0),
(240, 15, 16, 0),
(241, 1, 17, 0),
(242, 2, 17, 0),
(243, 3, 17, 0),
(244, 4, 17, 0),
(245, 5, 17, 0),
(246, 6, 17, 0),
(247, 7, 17, 0),
(248, 8, 17, 0),
(249, 9, 17, 0),
(250, 10, 17, 0),
(251, 11, 17, 0),
(252, 12, 17, 0),
(253, 13, 17, 0),
(254, 14, 17, 0),
(255, 15, 17, 0),
(256, 1, 18, 0),
(257, 2, 18, 0),
(258, 3, 18, 0),
(259, 4, 18, 0),
(260, 5, 18, 0),
(261, 6, 18, 0),
(262, 7, 18, 0),
(263, 8, 18, 0),
(264, 9, 18, 0),
(265, 10, 18, 0),
(266, 11, 18, 0),
(267, 12, 18, 0),
(268, 13, 18, 0),
(269, 14, 18, 0),
(270, 15, 18, 0),
(271, 1, 19, 0),
(272, 2, 19, 0),
(273, 3, 19, 0),
(274, 4, 19, 0),
(275, 5, 19, 0),
(276, 6, 19, 0),
(277, 7, 19, 0),
(278, 8, 19, 0),
(279, 9, 19, 0),
(280, 10, 19, 1),
(281, 11, 19, 0),
(282, 12, 19, 0),
(283, 13, 19, 0),
(284, 14, 19, 0),
(285, 15, 19, 0),
(286, 1, 20, 0),
(287, 2, 20, 0),
(288, 3, 20, 0),
(289, 4, 20, 0),
(290, 5, 20, 0),
(291, 6, 20, 0),
(292, 7, 20, 0),
(293, 8, 20, 0),
(294, 9, 20, 0),
(295, 10, 20, 0),
(296, 11, 20, 0),
(297, 12, 20, 0),
(298, 13, 20, 0),
(299, 14, 20, 0),
(300, 15, 20, 1);

-- --------------------------------------------------------

--
-- Struktura tabeli dla tabeli `users`
--

CREATE TABLE `users` (
  `user_id` int(11) NOT NULL,
  `username` varchar(50) NOT NULL,
  `password` varchar(255) NOT NULL
) ENGINE=InnoDB DEFAULT CHARSET=utf8 COLLATE=utf8_general_ci;

--
-- Dumping data for table `users`
--

INSERT INTO `users` (`user_id`, `username`, `password`) VALUES
(1, '123', '$2y$10$w7NUt1..F9Vf7wPKtKmEIe7PvPNg8Tt8asgfbaN7JMeyRsC1zS10C'),
(2, '333', '$2y$10$NIKxAUMZTgt0pXNI9lnh5ezPlJrEw2TqzbYiyl4m1GGFa8TPWnlJO'),
(3, '222', '$2y$10$F.dPQeXOObHkBHkxHHbXGuvuJVkLTFCkD0nioUtVEZaePP8UFayMW'),
(6, '5555', '$2y$10$2G8KsHOt.0FJXyngTneiZelTmonmsbvp1uD2.NyItZqTG4N489Dm2'),
(7, '777', '$2y$10$ArhdnPuFvla3Ef5n0kfRXeNVys68VGH/CEtpCe7cshVjbMnh6F.Nq'),
(8, '999', '$2y$10$7qV1XDCI7FO60yI4be5utOIcsB5o.dTUgLvQpftI1wk0YErN2EG8W');

--
-- Indeksy dla zrzutów tabel
--

--
-- Indeksy dla tabeli `movies`
--
ALTER TABLE `movies`
  ADD PRIMARY KEY (`movie_id`);

--
-- Indeksy dla tabeli `reservations`
--
ALTER TABLE `reservations`
  ADD PRIMARY KEY (`reservation_id`),
  ADD KEY `user_id` (`user_id`),
  ADD KEY `seat_id` (`seat_id`),
  ADD KEY `movie_id` (`movie_id`);

--
-- Indeksy dla tabeli `seats`
--
ALTER TABLE `seats`
  ADD PRIMARY KEY (`seat_id`);

--
-- Indeksy dla tabeli `users`
--
ALTER TABLE `users`
  ADD PRIMARY KEY (`user_id`),
  ADD UNIQUE KEY `username` (`username`);

--
-- AUTO_INCREMENT for dumped tables
--

--
-- AUTO_INCREMENT for table `movies`
--
ALTER TABLE `movies`
  MODIFY `movie_id` int(11) NOT NULL AUTO_INCREMENT, AUTO_INCREMENT=6;

--
-- AUTO_INCREMENT for table `reservations`
--
ALTER TABLE `reservations`
  MODIFY `reservation_id` int(11) NOT NULL AUTO_INCREMENT, AUTO_INCREMENT=183;

--
-- AUTO_INCREMENT for table `seats`
--
ALTER TABLE `seats`
  MODIFY `seat_id` int(11) NOT NULL AUTO_INCREMENT, AUTO_INCREMENT=601;

--
-- AUTO_INCREMENT for table `users`
--
ALTER TABLE `users`
  MODIFY `user_id` int(11) NOT NULL AUTO_INCREMENT, AUTO_INCREMENT=9;

--
-- Constraints for dumped tables
--

--
-- Constraints for table `reservations`
--
ALTER TABLE `reservations`
  ADD CONSTRAINT `reservations_ibfk_1` FOREIGN KEY (`user_id`) REFERENCES `users` (`user_id`),
  ADD CONSTRAINT `reservations_ibfk_2` FOREIGN KEY (`seat_id`) REFERENCES `seats` (`seat_id`),
  ADD CONSTRAINT `reservations_ibfk_3` FOREIGN KEY (`movie_id`) REFERENCES `movies` (`movie_id`);
COMMIT;

/*!40101 SET CHARACTER_SET_CLIENT=@OLD_CHARACTER_SET_CLIENT */;
/*!40101 SET CHARACTER_SET_RESULTS=@OLD_CHARACTER_SET_RESULTS */;
/*!40101 SET COLLATION_CONNECTION=@OLD_COLLATION_CONNECTION */;
